token,frequency
build,13
beautiful,5
add,77
no,39
jianguomen,5
nei,5
httpwwwabchinacom,2
report,247
a,157
joint,58
stock,20
company,110
incorporated,13
limited,97
liability,391
n,399
u,120
l,98
r,184
e,400
p,123
o,12
t,6
profile,8
the,1028
predecessor,7
wa,407
established,63
since,56
resumption,12
establishment,24
february,14
bank,349
ha,154
evolved,1
stateowned,26
specialized,7
wholly,5
commercial,66
subsequently,13
statecontrolled,1
restructured,1
january,65
in,263
july,31
listed,30
as,146
one,44
major,72
integrated,33
financial,1445
service,310
provider,1
committed,6
building,26
international,22
firstclass,3
banking,209
group,156
featured,6
operation,134
efficient,6
convenient,8
diversified,5
function,20
demonstrated,3
valuecreation,1
capability,43
capitalizing,1
comprehensive,158
business,381
portfolio,31
extensive,1
distribution,92
network,19
advanced,19
it,63
platform,60
provides,11
diverse,1
corporate,158
retail,50
product,167
broad,4
range,18
customer,395
conduct,12
treasury,22
asset,802
management,819
our,65
scope,24
also,69
includes,36
among,49
thing,8
investment,355
fund,114
leasing,33
life,47
insurance,146
at,114
end,195
total,209
rmb,395
million,618
loan,521
advance,172
deposit,139
capital,225
adequacy,21
ratio,108
achieved,22
net,249
profit,222
domestic,57
branch,108
outlet,44
including,169
department,82
head,21
office,120
three,42
institution,218
managed,33
four,13
training,38
institute,9
tier,43
subbranches,7
foundationlevel,28
overseas,67
consisted,4
representative,24
we,489
subsidiary,97
five,32
stability,17
board,8
included,76
list,10
banks,37
seven,11
consecutive,6
year,587
ranked,5
world,7
term,99
date,110
affirmed,3
longshortterm,3
issuer,10
credit,375
rating,27
aa,1
stable,71
outlook,3
default,45
af,1
chairmans,3
statement,195
presidents,3
prospects,3
pandemic,87
prevention,73
control,227
analysis,118
review,47
county,55
area,124
risk,806
social,35
responsibility,38
governance,111
shareholding,28
structure,60
directors,162
supervisors,80
senior,120
related,206
party,85
transactions,27
intragroup,13
incentive,16
constraint,8
mechanism,62
internal,132
audit,126
external,78
communication,24
stakeholders,6
other,183
information,202
chart,5
appendix,8
i,106
liquidity,80
coverage,29
ii,114
leverage,6
iii,74
funding,40
iv,31
assessing,15
global,14
systematic,3
importance,9
supplementary,8
unless,176
context,5
otherwise,179
requires,11
following,53
shall,65
meaning,3
set,46
groupwe,1
agricultural,49
gaap,5
cbirc,13
division,18
amended,7
pursuant,21
issued,210
regulatory,81
commission,70
september,24
ordinary,94
share,333
domestically,2
subscribed,2
traded,14
promulgated,3
rule,45
regulation,75
former,13
andor,4
countylevel,8
region,39
excluding,23
districtlevel,1
city,13
administration,5
provide,44
located,4
refer,71
adopted,32
provided,39
required,50
restructuring,9
focus,9
independence,12
aspect,7
operational,43
decision,31
making,13
accounting,106
well,85
certain,37
extent,28
securities,48
systemically,4
important,13
recognized,132
key,79
player,2
market,148
feature,13
announced,1
h,57
dollars,1
nominal,6
value,384
denominated,18
rules,4
governing,2
listing,17
mof,23
pboc,7
ltd,63
agriculture,7
rural,75
people,17
definitions,1
basic,56
legal,51
name,15
abbreviation,1
中國農業銀行股份有限公司,1
中國農業銀行,1
han,19
secretary,42
prc,90
irabchinacom,2
registered,37
address,19
code,18
hotline,2
compliant,4
internet,23
website,19
wwwabchinacom,1
principal,53
place,11
f,74
tower,5
connaught,5
road,12
central,72
selected,8
medium,8
disclosure,43
journal,2
times,5
publishing,2
annual,72
shares,34
wwwssecomcn,3
wwwhkexnewshk,3
location,2
copy,5
kept,4
exchange,110
registrar,5
農業銀行,1
depository,9
clearing,21
corporation,17
shops,1
th,12
indicators,9
trading,83
preference,127
advisor,4
law,59
農行優,12
king,1
fangda,1
square,1
auditor,33
undersigned,1
accountant,6
llp,5
pricewaterhousecoopers,8
center,23
princes,1
highlights,1
data,73
indicator,36
recorded,36
prepared,12
accordance,104
reporting,177
standards,17
stated,178
interest,367
margin,18
costtoincome,7
nonperforming,40
allowance,128
resale,41
agreement,92
period,220
bill,19
others,81
impairment,133
loss,383
loans,49
cash,175
balance,161
deposits,24
placement,34
held,175
sold,29
repurchase,38
security,186
attributable,29
equity,173
holder,91
riskweighted,12
operating,135
result,80
income,398
fee,97
expense,122
tax,144
generated,6
activity,76
december,715
na,8
profitability,6
return,30
average,47
weighted,26
spread,11
per,67
earnings,20
diluted,4
cet,2
quality,48
calculated,43
provisional,11
relevant,116
dividing,11
beginning,14
submission,2
companies,13
offer,2
public,45
computation,4
assets,10
interestearning,8
difference,43
yield,22
cost,149
bearing,6
administrative,27
consistent,8
corresponding,27
figure,6
accrued,21
doe,29
include,76
forfeiting,5
instrument,293
number,104
according,42
requirement,117
card,45
installment,4
reclassified,13
comparative,6
adjusted,31
restated,4
accordingly,7
foreign,101
currency,70
largest,8
single,8
percentage,131
top,23
ten,11
migration,1
mention,4
current,38
reflecting,1
fromused,1
first,59
quarter,19
second,32
third,19
gu,14
extraordinary,16
history,1
overcame,2
great,7
difficulty,12
remarkable,3
face,16
outbreak,3
economic,66
environment,25
unprecedented,1
complexity,2
conscientiously,5
implemented,48
plan,104
state,30
council,7
adhered,8
guideline,6
seeking,2
progress,23
maintaining,13
performance,53
thoroughly,6
new,88
vision,1
development,153
actively,44
responded,2
challenge,11
coordinated,14
work,84
supporting,20
real,33
economy,47
moreover,4
focused,16
consolidating,3
strength,5
bolstering,2
weakness,6
strengthening,9
foundation,16
made,51
remained,16
highquality,19
reached,40
trillion,23
representing,135
increase,177
compared,105
previous,108
amounted,83
increased,99
slightly,3
point,38
continuous,6
high,24
resilience,2
decreased,19
ranking,4
climbed,1
spreading,2
globally,2
grim,1
could,29
without,14
strong,5
support,52
shareholder,122
sector,28
society,9
employee,88
intense,2
effort,17
on,53
behalf,22
would,27
like,1
extend,1
sincerest,1
gratitude,1
contribution,33
looking,4
back,2
withstood,1
arduous,1
presented,15
through,11
notable,3
advantage,6
socialist,2
system,179
characteristic,19
shone,1
demonstrating,1
vitality,1
always,4
unswervingly,1
leadership,4
served,93
overall,25
situation,17
country,26
original,16
aspiration,1
serve,14
shouldered,2
improved,78
advancing,2
reform,43
transformation,46
responding,3
past,19
united,1
determined,41
fight,18
win,5
battle,6
blocking,1
coronavirus,2
to,156
resolutely,3
implement,20
sequence,1
promptly,7
fortified,3
solid,5
crossregion,1
societywide,1
imposed,4
strict,8
measure,68
prevent,16
entering,2
within,40
zero,3
case,31
cluster,2
infection,2
addition,23
launched,28
charitable,1
initiative,13
donation,5
antipandemic,8
frontline,5
introduced,18
specific,37
policy,178
production,40
opened,8
green,81
passage,2
enterprise,83
offered,8
dedicated,3
medical,13
worker,7
confronting,1
cadre,3
fought,1
main,7
battlefield,1
contributing,1
winning,2
preventing,6
controlling,17
national,66
team,11
force,5
serving,21
focusing,19
promoting,12
way,16
concentrated,1
ensuring,10
six,19
front,9
enhanced,49
hit,1
recordhigh,1
highlight,1
positioning,2
servicing,2
deepened,6
vitalization,21
agriculturerelated,2
continued,423
higher,13
growth,42
rate,378
significant,107
supply,27
pig,8
online,76
become,9
leading,20
brand,8
spared,2
final,19
poverty,98
introducing,2
investing,4
resource,23
targeted,20
lift,1
industrial,26
cultivation,3
infrastructure,17
construction,83
poor,25
proactively,6
applied,15
various,37
approach,36
alleviation,73
consumption,23
industry,92
collaboration,4
eastern,8
western,6
respect,32
allowed,5
facilitate,3
complete,9
victory,1
fully,18
series,12
featuring,3
relief,8
inclusive,42
tide,1
impacted,1
covid,4
optimize,10
relatively,7
rapid,7
manufacturing,17
strategic,24
emerging,7
modern,7
livelihood,7
acted,3
customeroriented,2
philosophy,10
striving,2
choice,5
regarded,5
meeting,122
growing,3
demand,27
starting,6
foothold,1
promoted,49
innovation,43
aiming,4
accelerated,23
optimization,6
procedure,36
constantly,15
improve,67
experience,23
inclusiveness,1
accessibility,1
upgrading,5
refining,1
layout,5
urban,4
community,3
comprehensively,18
strengthened,61
protection,80
consumer,26
timely,23
concern,11
trust,9
action,21
persevered,1
innovationdriven,1
technology,48
empowerment,3
activate,1
driver,5
taking,21
primary,8
powerhouse,1
tapped,2
opportunity,10
sped,2
digital,50
built,16
financing,48
rapidly,3
expanded,14
scale,15
database,2
created,6
record,8
household,13
laid,1
developing,3
finance,67
mobile,35
developed,19
faster,3
pace,2
monthly,6
active,18
user,13
mau,1
surpassing,2
further,3
application,41
big,7
ai,4
strongly,2
shored,1
smart,33
marketing,27
these,30
outcome,4
firmly,2
supported,34
empowered,4
expansion,4
technologically,1
continuing,9
hold,36
limitation,2
wholeprocess,5
fullcoverage,1
secure,2
safe,6
closely,8
tracked,4
impact,61
mitigated,2
addressed,10
using,32
forecast,14
thus,10
generally,15
despite,1
drastic,1
volatility,7
prioritized,2
therefore,13
antimoney,14
laundering,14
effectively,31
prevented,2
consolidated,188
continuity,4
xi,7
jinping,1
general,170
stressed,1
modernization,1
process,38
emphasized,1
need,24
remain,14
sensitive,5
change,134
respond,4
welljudged,1
ready,3
adjust,3
necessary,8
create,4
crisis,3
open,9
prospect,1
changing,1
circumstance,17
embracing,1
commence,3
stage,190
delivering,4
foster,1
paradigm,5
particularly,2
enhance,20
revitalisation,1
continue,15
promotion,9
institutional,11
deepen,7
type,39
consolidate,7
guarantee,83
identify,8
direction,3
indicates,4
improvement,17
seek,3
breakthrough,2
contribute,3
step,2
toward,2
aim,3
chairman,42
march,44
zhang,50
qingsong,16
president,112
facing,3
sudden,1
highly,7
unusual,1
principle,13
pursuing,1
all,15
endeavour,2
enabled,3
achieve,13
target,3
satisfactorily,1
maintained,21
by,13
respectively,60
billion,156
yearonyear,9
successfully,6
bond,223
private,37
small,33
micro,24
assessment,59
macroprudential,3
met,21
standard,32
relating,35
proved,1
effective,100
vigorous,1
upon,31
called,2
virus,1
containment,1
material,60
short,11
time,41
fervently,1
defence,1
province,15
zerocontact,2
model,67
swiftly,1
consultation,6
providing,16
intelligent,28
successively,14
rolled,4
help,10
resume,7
relieve,1
stabilize,3
trade,13
meet,22
arising,41
relation,18
spring,2
farming,3
preparation,17
live,2
attaining,1
ensured,2
food,9
irrigation,1
bolstered,1
infrastructural,1
increasing,7
extreme,8
lifted,2
reaching,4
carried,40
helped,8
promote,24
worth,3
propel,1
coordinating,4
multiparties,1
introduce,4
project,52
assistance,8
improving,18
capacity,9
povertystricken,7
centring,1
around,3
implementing,12
countercyclical,4
macroeconomic,10
granted,22
weak,3
deduction,7
concession,9
restore,2
allin,1
played,4
part,34
strategy,61
solution,6
underpin,1
integration,14
guangdonghong,2
kongmacao,6
greater,13
bay,5
supportive,2
urbanization,4
transportation,21
water,12
conservancy,4
power,23
pipeline,2
telecommunication,2
local,14
government,71
underwritten,3
throughout,9
healthy,1
longterm,19
driving,2
science,9
startup,3
pilot,8
reinforced,5
intensive,4
delicacy,1
effectiveness,18
wealth,58
custody,14
bolster,1
tapping,1
potential,20
existing,11
synergy,9
thereby,3
enhancing,6
allround,1
propped,1
personal,50
valid,2
merchant,9
thousand,53
middleend,6
cloud,11
orderly,7
applying,18
safeguarding,3
continuously,41
implementation,42
conducted,41
affected,12
large,8
amount,298
estate,13
disposal,32
level,84
prudently,4
provision,46
establishing,12
antifraud,4
setting,3
centre,11
crosscontamination,1
paid,54
close,14
attention,11
wild,1
fluctuation,5
commodity,17
price,53
limit,49
stress,15
testing,17
warning,12
ensure,22
absolute,5
safety,6
subject,64
adjustment,28
based,123
condition,46
stringently,1
reviewed,32
rectification,15
disruption,1
sanction,9
compliance,70
ability,25
violation,25
journey,2
witness,2
anniversary,3
deeply,2
attach,1
creation,4
efficiency,33
put,6
forward,17
strive,4
requite,1
investor,46
outstanding,32
wang,29
jingdong,10
discussion,48
huge,1
complex,5
challenging,2
resilient,1
delivered,4
betterthanexpected,1
grew,1
positive,3
post,4
side,3
recovered,3
export,8
component,21
fixed,78
sale,48
good,10
telecommuting,1
education,24
unmanned,1
delivery,1
emerged,1
recovery,12
health,12
formed,4
pole,1
upward,2
pressure,4
eased,1
rising,1
yearon,1
although,1
rebounded,1
significantly,24
half,2
fell,2
money,10
m,72
aggregate,15
flow,15
keeping,2
scientifically,2
precisely,3
strove,1
keep,2
running,1
reasonable,26
prudent,7
monetary,21
flexible,2
moderate,3
lowering,2
reserve,101
hierarchical,3
graded,1
manner,16
framework,7
element,3
proactive,2
fiscal,8
precise,4
measures,3
cut,1
reduction,10
direct,19
openingup,2
pricing,21
formation,1
prudential,2
supervision,53
registration,13
highlevel,1
opening,8
outside,12
abolition,1
restriction,25
future,37
quota,2
qualified,21
signing,1
rcep,1
transfer,88
processing,6
expected,65
recover,3
shock,1
mark,1
fast,2
gradually,4
circulation,3
mainstay,1
reinforcing,1
realized,10
driven,19
equipment,36
renewal,1
inventory,1
replenishment,10
grow,3
chain,12
independent,90
controllability,2
usher,1
controlled,36
drive,1
form,28
benefiting,2
maintain,11
prosperity,2
optimized,45
role,14
represented,7
highlighted,2
lowcarbon,2
order,29
carbon,7
peaking,1
neutrality,2
normal,23
likely,5
moderately,3
macrocontrol,2
sustainability,2
grasp,1
timing,2
emphasis,3
scitech,1
accelerating,3
adjusting,6
mitigating,2
hidden,1
debt,162
appropriate,19
use,45
variety,2
tool,14
abundance,1
strengthen,22
structural,5
crosscycle,1
design,6
liberalization,2
multichannel,2
resolution,12
reoriented,1
crossborder,13
tend,1
bidirectional,2
equilibrium,1
obvious,2
balanced,1
changes,15
bring,4
hand,2
maintenance,5
mediumtohigh,2
launch,3
river,1
chengduchongqing,1
expand,7
technological,3
base,12
course,21
still,5
present,27
many,3
uncertainty,12
pose,1
sound,6
due,123
recurrence,1
vaccine,1
popularization,1
spillover,2
variable,13
speeding,1
soundly,1
interbank,19
crossindustry,1
competition,2
increasingly,3
seize,1
concept,7
adaptability,1
competitiveness,6
universality,1
make,35
every,16
property,57
right,104
edge,1
innovate,2
accuracy,6
constructing,2
prioritize,1
establish,7
closedloop,1
smooth,3
cyber,2
fourth,7
regional,11
uphold,1
bottom,1
line,13
persevere,1
foresight,2
multiple,8
taken,10
compliancerelated,1
executing,1
attained,1
steady,8
entered,15
wartime,1
soon,1
broke,1
formulated,37
emergency,2
response,8
dynamically,2
space,4
premise,3
item,81
disease,1
highest,7
priority,9
publicity,13
knowledge,11
monitored,6
returned,1
organized,14
vaccination,1
hygienic,1
cleaning,1
ventilation,1
disinfection,2
machine,4
customers,7
take,7
body,6
temperature,1
show,4
fighting,2
sustain,1
guidance,13
helping,2
innovated,4
renew,1
repayment,33
full,22
relending,1
concessional,1
humanity,1
enabling,4
individual,34
access,14
leave,2
home,7
some,2
exclusive,8
soldier,1
professional,32
for,84
temporarily,1
lost,1
source,7
flexibly,5
arrangement,40
affecting,4
assumed,6
staff,35
donated,3
hubei,6
personnel,16
frontlines,1
postponed,1
mature,3
amounting,17
reduced,9
exempted,3
charge,11
hospital,11
charity,1
internetbased,1
databased,1
best,13
mean,7
namely,15
employment,10
expectation,10
living,5
entity,156
energy,22
functioning,2
primarylevel,1
satisfaction,7
innovative,9
stickiness,1
offline,9
channel,32
coordination,3
remote,9
brought,5
electronic,20
account,60
omnichannel,1
acquisition,26
scenebased,6
steadily,16
contact,4
mall,2
signed,2
firsttime,2
cooperation,8
special,56
povertyalleviation,1
zone,7
supplied,1
scene,15
affair,15
released,10
added,7
bringing,1
distinctive,2
interface,4
varied,2
upgraded,10
accurate,4
portrait,2
relationship,15
widely,1
accumulated,17
approximately,6
human,18
segmentation,8
achieving,7
firstphase,1
completed,21
exceeded,3
fifth,2
monitor,11
daily,18
transaction,214
fraud,7
became,2
unified,9
preliminarily,2
centralized,14
analyst,4
distributed,22
core,12
fintech,5
regular,10
adhering,6
customercentered,1
creationoriented,1
urgent,2
develop,3
class,16
ecobank,1
aimed,2
revenue,9
sophisticatedly,1
reducing,4
decrease,43
items,5
noninterest,4
associate,40
venture,41
noncontrolling,19
except,65
volume,25
resulted,3
basis,80
primarily,69
factor,29
downward,4
table,46
incomeexpense,3
yieldcost,3
interestbearing,12
nonrestructuringrelated,4
restructuringrelated,4
balances,6
amounts,171
noninterestearning,2
liabilities,40
noninterestbearing,2
fair,274
amortized,73
receivable,12
respective,11
borrowing,11
caused,8
allocated,11
advances,9
discounted,17
shortterm,15
mandatory,15
institutions,21
mainly,47
issuance,43
certificate,17
conducting,6
lending,20
facility,9
particular,11
consultancy,4
advisory,14
syndicated,5
underwriting,16
agency,17
custodian,6
fiduciary,5
composition,20
settlement,30
commitment,82
gain,66
designated,37
lossgain,14
derecognition,22
measured,98
benefit,71
claim,21
depreciation,22
amortization,14
surcharge,6
consideration,26
macro,2
lower,7
statutory,14
this,12
reports,8
assessed,20
allocation,17
segment,45
manage,14
geographical,8
indicated,6
geographic,4
segments,1
statements,139
detail,57
cooperative,4
maturity,77
heat,5
gas,6
logistics,13
postal,13
utility,4
mining,5
transmission,4
software,5
notes,158
classification,39
borrower,37
operate,8
engaged,5
mortgage,13
nonreal,1
forestry,2
animal,2
husbandry,2
fishery,2
accounted,16
residential,9
purchase,15
noninvestment,2
purpose,34
sustained,1
non,10
investments,16
note,36
proceeds,21
remaining,19
month,98
more,4
usd,23
models,1
characteristics,1
contractual,61
flows,6
repaid,1
predetermined,1
schedule,5
refers,27
proportion,20
remittance,3
payable,48
outward,1
revaluation,9
surplus,25
retained,14
translation,14
offbalance,28
sheet,38
derivative,108
contingent,23
enters,10
precious,34
metal,35
expenditure,15
lease,32
redemption,24
mortgaged,1
pledged,17
proceeding,3
contingency,1
comprise,6
acceptance,11
letter,21
letters,7
policies,31
there,23
differences,3
during,76
fostered,2
pool,2
extended,7
ecological,8
basin,1
differentiated,11
formulating,10
demonstration,5
free,6
unicorn,2
innovating,2
practiced,2
digitally,1
classified,36
precision,2
entire,6
criterion,17
changed,3
dormant,1
payment,54
construct,2
pushed,3
dominated,1
innovatively,4
eguarantee,1
satisfy,4
migrant,2
cooperated,3
provinciallevel,2
prefecturelevel,2
worked,18
app,1
budget,9
covering,10
issue,49
covered,9
school,4
campus,2
contracted,4
thirdparty,5
assisted,4
option,40
piloted,2
oil,1
raised,7
nonfinancial,8
corporates,7
exceeding,4
position,134
ma,4
underwrote,1
assetbacked,6
paper,6
perpetual,14
panda,1
playing,2
exemplary,1
highyield,1
mediumsized,3
influence,4
honor,2
award,5
excellent,12
abs,3
originator,2
preferred,1
cornerstone,1
relying,1
brain,1
manager,62
automatically,3
operated,3
day,40
warm,1
job,3
seeker,1
frequency,5
traffic,2
embedded,8
payroll,1
kind,9
realize,4
accessed,1
anywhere,1
batch,6
tailored,1
onestop,3
shop,2
onetouch,1
quicktransfer,1
oxen,1
painting,1
handled,7
physical,3
verification,4
scanning,2
instead,3
swiping,1
convenience,3
contracting,3
strictly,19
rational,1
resident,5
preowned,1
happiness,5
automobile,3
decoration,2
marketed,1
supermarket,1
store,1
grocery,1
activeness,3
debit,6
exemption,4
cumulatively,3
thematic,5
xinyi,1
star,1
membership,1
festival,1
saturday,1
accompanying,7
deep,2
affection,1
instalment,1
yi,1
branding,1
visual,2
image,2
film,1
expanding,2
family,9
activities,12
bankwide,8
peer,7
participated,7
research,16
used,39
smoothen,1
reasonably,11
utilization,4
marketmaking,1
fluctuated,1
dynamic,1
book,39
trend,7
hedge,39
considering,7
seized,1
forefront,2
invested,29
guiding,2
opinions,2
regarding,25
scheme,15
speed,1
guaranteed,31
nonprincipal,4
offering,21
duration,9
tranche,31
whose,11
indirect,2
placements,26
nonstandardized,1
products,5
co,55
pension,13
bid,6
qualification,17
custodianship,2
licensed,1
field,5
annuity,8
municipality,5
occupational,2
trustee,2
autonomous,4
directly,36
appreciation,5
entrusted,18
ton,4
gold,12
silver,4
rank,5
eligibility,1
reminder,1
under,10
twoway,1
hedging,16
counter,3
invest,8
several,7
up,2
via,3
premium,18
resulting,18
topperforming,2
closedend,1
nonmonetary,6
suggestion,16
sales,1
bonds,3
agent,4
saving,4
actual,8
version,5
refresh,1
upgrade,5
intelligence,2
breakpoints,1
eliminated,4
bound,1
instant,1
login,3
available,20
connected,9
matrix,3
wechat,6
my,1
display,3
scheduled,1
billing,1
unlocking,1
mediumfree,1
withdrawal,4
personalized,1
subdivided,1
recommendation,16
menu,1
discount,13
language,4
recreated,1
categorisation,1
enriched,6
investigation,18
authorisation,1
please,62
channels,5
targeting,2
stewardtype,1
after,6
integrating,3
signup,1
authentication,2
storage,2
enjoy,3
customized,1
upstream,1
downstream,1
with,16
creative,1
cashier,1
facilitated,3
ecology,1
obtain,9
exporting,2
exported,1
better,3
sdk,1
official,6
mini,1
program,13
allowing,2
partner,4
connect,3
selfservice,9
mode,5
inquiry,1
flexibility,1
gateway,2
perspective,3
accurately,2
subbrands,1
eloan,2
guide,4
handle,5
engine,3
match,1
kit,1
imbedded,2
citizen,1
streamlined,1
canteen,1
travel,2
village,12
redeemable,1
reward,12
voucher,1
bean,1
collection,28
sustainable,15
mission,1
cumulative,14
increment,1
stipulated,13
officelevel,1
branchlevel,1
services,3
farmer,6
owner,7
quick,1
assistant,9
portal,3
license,7
refined,10
comprised,7
subsystem,1
identification,8
behavior,7
postdisbursement,8
delaying,1
energysaving,2
friendly,1
took,7
fulfilling,10
environmental,21
defined,22
goal,6
task,5
category,17
comprising,3
industryspecific,2
navigate,1
conservation,7
clean,11
park,5
factory,1
nationally,1
leisure,2
diligence,29
approval,55
overcapacity,3
pollution,5
screening,1
exit,2
sign,1
statistic,4
engrained,1
raise,4
nearly,14
awarded,6
magazine,2
underwriter,2
index,4
caishivcom,1
counted,2
sewage,2
treatment,5
etc,34
leveraged,1
civilization,2
cyclically,1
deployment,2
prioritizing,1
esgthemed,2
raising,3
october,29
equivalent,19
matured,4
idle,1
involved,7
two,16
renewable,2
subway,1
wind,2
photovoltaic,2
biomass,1
generation,3
estimated,20
alternative,4
fossil,1
dioxide,1
emission,5
june,47
publicly,2
threeyear,4
involving,4
rail,2
transit,2
railway,2
bus,2
alleviate,1
air,2
pollutant,3
exhaust,1
largescale,5
nature,7
reduce,9
ecoenvironmental,1
internationalization,1
port,1
format,7
cross,4
border,3
initially,12
forming,3
bilateral,3
eremittance,1
ecertificate,1
efinance,1
going,10
offshore,1
enterprises,6
most,1
trusted,1
jointly,8
sponsored,10
wwwsinotfcom,1
wwwtfsinocom,1
uk,7
whollyowned,12
undergoing,1
closure,1
statistical,4
caliber,1
luxembourg,6
eur,2
its,11
wholesale,14
rub,2
transform,1
le,39
labor,2
transferred,46
g,97
sample,6
provincial,5
areas,5
managing,10
analyzing,2
apply,7
monitoring,42
onsite,6
contactless,2
inspection,20
cashrelated,1
terminal,5
allmedia,1
voice,3
video,4
call,4
navigation,1
published,29
column,2
wider,1
robot,2
greatly,3
facetoface,1
investigating,2
activating,1
car,1
debttoequity,12
swap,23
delved,1
territory,1
fundraising,1
mixed,1
segregated,1
theme,1
selection,7
intervalopened,1
hybrid,6
november,40
hkd,12
eligible,7
engage,6
sponsor,1
brokerage,1
mainland,1
comparable,4
sponsorship,1
fixedincome,2
lessee,3
absorbing,1
nonbank,2
selling,4
leased,2
bonded,1
carry,18
approved,51
ie,9
aviation,1
favourable,3
accident,1
reinsurance,6
abovementioned,4
permitted,12
regularlypaid,2
healthcare,1
police,1
nationwide,1
evaluation,36
hexuncom,2
ancillary,2
supplyside,1
marketoriented,3
assetliability,2
burden,2
groups,32
different,18
currently,22
consulting,1
awareness,6
excellence,1
election,8
st,2
macroeconomy,1
object,2
adverse,11
effect,27
sophisticated,2
powerfully,1
withdraw,1
working,13
themed,1
jia,2
you,1
accumulatively,2
whollycontrolled,1
researched,1
frontier,2
mitigate,6
empower,2
pillar,1
proposed,8
useroriented,1
impetus,1
idea,2
explore,2
powerful,1
computing,3
artificial,1
architecture,3
rd,1
block,7
imputed,1
piece,1
pb,1
aibased,1
modeling,2
bibased,1
search,1
success,1
selfregistration,1
hardware,2
efficiently,2
minute,6
cover,3
booking,1
commemorative,1
coin,1
peak,3
marked,1
voiceprint,1
recognition,36
natural,4
perception,1
explored,4
graph,1
automated,4
learning,7
thinking,1
perfected,1
view,12
advantageous,3
interaction,3
movement,20
master,16
ebanking,1
engineering,4
chainbased,1
shorten,1
enterpriselevel,2
soc,1
vulnerability,3
alarm,1
reconstructed,1
routing,1
backbone,2
simplified,4
scheduling,1
hour,5
configuration,1
able,6
contain,4
collect,6
x,7
normalized,1
over,24
removed,4
library,1
baseline,2
identified,18
standardization,1
consumers,15
interests,21
committee,67
proposal,43
listened,22
handling,7
complaint,14
fulfilled,8
obligation,46
appropriateness,5
matched,1
tolerance,2
overdue,13
requiring,4
revealing,1
violating,2
underlying,15
adopting,4
improper,1
injury,5
intent,1
illegal,3
confinement,1
insult,1
threatening,1
disturbance,1
reputation,1
depending,3
seriousness,1
adopt,5
issuing,4
early,26
terminating,2
entrusting,1
standardized,14
experienced,2
connecting,1
accepted,8
attentive,1
urged,1
larger,1
lecture,3
examination,6
popularized,1
publicized,1
regularly,21
educate,1
week,1
popularizing,1
publicist,1
attended,3
valued,1
privacy,6
culture,6
technical,8
safeguard,5
server,1
revised,21
updated,4
stipulate,1
clarify,6
correct,1
delete,1
notification,4
trial,1
specify,2
introduction,1
intensified,4
document,25
encryption,1
dissemination,1
email,3
intercept,1
outgoing,1
resources,9
organizational,8
across,7
automatic,2
measurement,75
accelerate,1
enrich,3
staffing,2
crossdepartment,1
crosslevel,1
ermb,1
renamed,3
middle,1
talent,15
competent,2
versatile,1
powering,1
young,6
vigorously,4
cultivated,3
leader,2
age,7
diversity,9
attaching,1
practical,6
exercise,25
paired,1
dualchannel,1
filling,3
specialist,1
retain,1
attracting,1
heart,1
title,5
additional,28
obtaining,2
recruited,1
stabilizing,3
filled,1
participant,2
certified,7
trainer,2
employed,5
caring,3
employees,24
proceeded,1
actions,2
sense,2
fulfilment,2
consists,6
critical,9
illness,1
leant,1
female,4
giving,4
play,3
concerning,7
vital,1
participation,3
expression,1
remuneration,60
completion,9
status,6
reflected,4
applicable,18
salary,15
linked,2
deferred,33
recall,2
violate,1
discipline,9
responsible,33
deduct,1
cease,7
severity,1
lagging,1
fairness,5
profitgenerating,1
encouraged,3
contributed,5
preferential,7
skeleton,1
whole,13
authority,39
nomination,14
expenses,1
inservice,1
dispatched,1
separation,1
offices,8
subsidiaries,7
operations,3
background,4
doctorate,1
degree,34
masters,1
bachelors,1
college,3
vocational,1
departments,2
salesmarketing,1
technicians,1
gender,3
singapore,1
seoul,3
difc,3
tokyo,2
frankfurt,1
sydney,2
luxemburg,1
dubai,3
london,1
besides,2
referred,5
advancedlevel,2
practically,1
chief,21
officer,8
deptcounty,1
deptoffice,1
dept,4
households,1
bankinginclusive,9
subdivision,3
subbranch,5
decided,4
shared,3
achievement,4
ceased,15
fleshed,1
performing,31
duty,30
earnestly,1
appraisal,4
allocate,2
double,1
hundred,2
select,1
pairing,3
recruitment,3
supplement,1
medicine,1
reported,14
speeded,1
collective,5
ecommerce,2
scenic,1
spot,6
land,11
remediation,1
seasonal,1
constructed,1
station,5
movable,3
newtype,1
operator,2
entrepreneurial,1
returning,1
hometown,1
indepth,5
furthered,3
livable,2
firstly,3
extending,2
secondly,1
farmland,4
productivity,1
seed,1
thirdly,1
secondary,5
tertiary,1
carrier,1
farm,2
industrialization,1
house,3
forest,1
countryside,1
crucial,1
garbage,1
toilet,1
revolution,1
appearance,1
nonpoint,1
satisfied,6
fever,1
clinic,1
cope,2
tourism,2
lastly,1
recycled,1
recycling,1
discharge,2
donts,1
strived,1
fulfil,6
prefectures,3
given,11
weight,6
lowered,1
educational,2
concerned,2
student,2
delegated,3
encourage,1
shortlisted,1
suitable,1
guided,5
manual,1
promotional,1
microvideos,1
comprises,10
fingerprint,1
signature,2
super,2
broadcast,1
character,1
ethnic,1
minority,10
vehicle,6
town,1
collaborated,1
sub,1
coordinate,2
purchased,13
exerted,1
sell,11
unit,7
aid,1
together,8
freshman,2
projects,1
youth,1
devoted,1
near,1
instruction,3
insisted,1
underdeveloped,1
may,82
jixi,2
tongan,2
district,5
xiamen,4
intrabank,3
represents,21
earned,3
appetite,13
organization,3
decisionmaking,10
reinforce,1
lifecycle,1
exposure,85
mart,2
aggregation,2
refine,2
specifying,2
affiliate,3
proprietary,2
grading,2
light,6
analyzed,18
prospective,1
fulfill,4
detailed,5
failure,8
counterparty,15
perform,19
originated,10
characterized,1
multilevel,1
authorization,12
underground,1
corridor,1
dressing,1
polysilicon,1
traditional,7
especially,4
steel,1
coal,1
cement,1
electrolytic,1
aluminum,1
plate,1
glass,1
shipbuilding,1
controllable,2
interval,6
thermal,1
solar,2
concentration,3
expedited,1
compatible,1
analysed,2
customertailored,1
resolve,3
largeamount,2
clearance,2
easydepreciable,1
writeoffs,8
centralization,1
objection,4
reputational,6
usage,2
interactive,2
realizing,2
method,37
judicial,4
litigation,7
writeoff,4
preloan,1
common,3
authenticity,1
loanprocessing,1
combining,1
rationally,1
dispose,1
securitization,6
postloan,2
nonstable,1
career,3
prepandemic,1
counterparties,14
phase,3
sharing,6
recoverability,1
willingness,2
repay,4
reliability,4
fivecategory,3
objectively,5
preparing,9
foreseeability,1
sensitivity,15
length,5
collateral,46
objective,19
manually,1
quarterly,7
collected,2
reflect,2
secured,14
pledge,5
unsecured,7
b,66
c,186
d,81
downturn,1
evaluated,13
excess,5
forwardlooking,13
adapt,2
underlining,1
remeasurement,18
transferout,1
lifetime,40
exposed,7
calculation,15
validation,2
launching,1
directive,2
indicative,2
either,17
any,7
var,7
historical,12
simulation,2
confidence,2
holding,12
declined,1
basically,3
unchanged,5
abroad,6
unilateral,1
scenario,23
gap,5
arises,10
mismatch,12
repricing,7
interestratesensitive,1
inconsistency,3
benchmark,20
decline,1
conversion,18
accumulative,2
negative,4
earning,1
movements,4
next,7
twelve,3
assuming,1
parallel,7
shift,2
curve,5
probably,1
instantaneously,1
hedged,17
nontrading,2
hardly,1
avoided,1
performed,17
proper,2
matching,5
midpoint,1
appreciated,2
onbalance,4
assetsliabilities,5
appreciates,1
depreciates,1
unable,2
acquire,2
sufficient,13
settle,12
imbalance,1
debtor,6
realization,1
weakening,1
execution,4
aforesaid,4
objectives,1
scientific,1
practice,10
affect,23
prescribed,4
passed,3
shortest,1
survival,1
test,9
faced,3
complicated,1
everchanging,1
slow,1
loose,1
ﬂuctuations,2
balancing,2
maturing,22
properly,7
numerator,1
denominator,1
undated,23
inadequate,2
problematic,1
outsourcing,1
selfassessment,3
event,35
suffering,1
consequence,3
damage,1
breach,4
contract,125
duly,3
regulate,1
associated,21
lawbased,1
mitigation,4
intellectual,1
dispute,1
litigationconcerned,1
augmented,1
followed,7
legitimacy,1
consciousness,1
broadcasting,1
adaptive,1
compiled,1
feedback,1
stakeholder,5
preevent,1
inevent,1
postevent,1
collaborative,1
opinion,35
advocacy,1
checked,1
rectified,2
problem,9
incident,3
occurred,6
politics,2
incapable,2
unwilling,2
pay,14
owed,3
lead,4
consolidation,13
parent,2
revise,1
quantitative,6
deployed,1
retest,1
planning,5
tlac,1
resistance,1
calculate,8
replenish,9
retaining,1
deducting,9
august,20
writedown,11
announcement,18
constrained,1
capitalintensive,1
transmitted,1
csr,1
shouldering,1
responsibilities,6
gave,1
yuanmeng,1
ended,273
dream,1
qr,1
relapses,1
revitalization,1
industries,1
link,1
xiongan,2
optimizing,2
boost,1
upheld,1
advocated,1
ecofriendly,1
workplace,1
conference,9
paperless,1
gogreen,1
kwh,1
procurement,3
fitting,1
procuring,1
worldclass,1
confound,1
welfare,6
waste,1
sorting,2
promos,1
poster,1
tree,1
planting,1
afforestation,1
transferring,5
everywhere,1
anytime,1
broadening,1
standardizing,1
classroom,1
trained,1
harmony,1
sending,1
your,1
separately,13
particulars,13
foreigninvested,2
computershare,1
zhongwei,3
content,10
offerings,3
revision,5
csrc,2
rounding,1
error,7
arise,12
rounded,1
nearest,1
decimal,1
expiry,2
description,3
restrictions,1
register,11
lockedup,1
hkscc,2
nominees,2
ssf,12
ct,6
hu,13
dividend,96
fh,6
none,12
member,91
nominee,4
northbound,2
de,4
facto,4
controller,4
save,2
mentioned,6
aware,4
connection,12
whether,62
acting,5
concert,5
notice,15
funds,5
cai,5
zi,1
oneoff,1
guo,3
fa,2
obligated,3
observe,2
lockup,5
credited,2
substantial,3
ministry,2
taxation,9
mr,180
peng,1
chun,1
authorized,20
preserve,1
assume,5
owned,8
intervene,1
audited,5
investees,3
nominated,4
zhu,13
hailin,6
liao,13
luming,12
ms,29
zhou,27
ji,10
nonexecutive,72
noncompetition,2
covenant,3
see,7
events,3
commitments,8
follows,47
evergrowing,1
shenwan,1
beijing,11
founded,2
fortune,1
plaza,3
subsidy,7
endowment,2
beneficial,2
ownernominee,1
taiping,8
holdings,4
received,33
person,17
such,10
voting,20
subscription,1
dated,1
deemed,9
interested,4
indirectly,5
llc,1
inc,1
nonwholly,1
consistency,2
combination,10
prioritizes,1
interim,5
formulation,1
comply,1
clearly,1
diligently,5
expressed,5
express,3
request,8
legitimate,1
adequately,1
protected,1
profits,3
dividends,9
submitted,5
appear,1
closed,1
qualify,9
pm,1
separate,13
preceding,3
divided,4
repeal,1
nonforeign,1
convention,3
reside,1
withholding,2
distribute,5
chinese,2
obliged,1
withhold,1
distributing,2
nonresident,1
recommended,2
consult,3
adviser,1
implication,2
deadline,1
coupon,40
holders,3
last,4
merchants,1
tiandi,1
fangzhong,1
picc,1
ping,1
an,15
hexie,1
ningbo,2
indicate,5
categorized,2
increasedecrease,6
when,30
calculating,5
annually,29
cancel,2
undistributed,1
subsequent,23
receiving,2
agreed,8
participate,10
rights,7
restoration,1
instruments,21
provisions,5
differentiating,1
presentation,8
definition,16
shareholders,36
convening,2
meetings,9
protect,2
individually,5
convene,5
submit,7
writing,4
if,45
refuse,1
fails,4
give,8
receipt,4
requesting,1
propose,1
failed,3
preside,2
entitled,12
enquiries,1
deliver,3
enquiry,6
send,1
written,8
evidencing,1
requested,1
identity,2
aiding,1
proposing,4
prior,6
organizing,4
regulations,1
outlined,1
happen,1
amendment,63
merger,5
dissolution,3
specified,16
occurrence,7
attend,11
forth,6
vote,4
restored,1
oneshareonevote,2
justice,3
subscribing,1
receive,13
appoint,3
proxy,4
returns,1
association,6
matter,33
modification,13
appointment,18
removal,2
director,137
candidate,17
huang,9
zhenzhong,8
xu,15
executive,40
vice,81
jeopardize,1
supervisor,38
li,42
qiyun,9
wei,9
wu,21
xiao,13
xing,12
ko,13
yee,14
fan,13
shao,7
lihong,6
jie,8
liu,17
lin,9
zhan,6
chen,5
wanfu,2
incumbent,3
mubing,10
shu,5
his,2
keqiu,3
her,1
began,1
ratification,2
section,6
biography,4
doctor,10
economics,14
he,38
previously,34
deputy,55
concurrently,13
relations,1
appointed,14
majoring,1
researcher,2
serf,10
peking,1
economist,10
aerotechnology,1
import,1
sciences,1
expert,9
nonpracticing,1
divisionchief,2
bureau,8
started,2
clerk,3
engineer,7
graduated,1
bachelor,6
commissioner,3
jiangtao,3
academy,2
chongqing,3
she,13
statistics,2
chair,1
professor,9
tsinghua,1
university,4
visited,2
study,2
visiting,1
scholar,2
elected,30
panel,4
mpacc,1
steering,1
xinxin,3
teacher,2
drafting,2
bankruptcy,4
honorary,5
reorganization,3
consultant,3
interpretations,1
court,3
v,52
insolvency,2
delegation,1
crime,1
prosecutor,1
procuratorate,1
arbitrator,3
mediator,1
chamber,1
commerce,2
cecep,1
margaret,4
kong,2
hksar,1
cohead,1
exchanges,1
fung,1
qbe,1
properties,2
political,2
consultative,1
shouying,8
secondlevel,2
federation,1
cooperatives,1
agrotechnical,1
secretarygeneral,1
minister,1
fundamental,2
editor,1
agronomy,2
fisheries,1
jianqiang,3
polytechnic,1
from,17
preparatory,1
april,21
xia,9
taili,4
dean,6
stationed,1
gang,3
specialising,1
teaching,2
lawyer,5
lpc,1
jr,1
firm,12
distinguished,1
imi,1
hongxia,3
coadvisor,1
postdoctoral,1
lecturer,1
accountants,6
aritime,1
biographical,2
xuguang,2
raw,1
materials,1
everbright,4
inspector,2
cui,10
yong,5
concurrent,1
investors,1
ceo,2
pacific,3
ratified,7
resigned,18
reelected,4
confirmed,6
assignment,1
guoqiang,1
waiver,3
guoqiangs,1
shareholdings,1
restricted,1
confirmation,2
disclosed,46
housing,9
yn,1
tenure,2
y,12
package,3
bonus,10
jiandong,3
jianbo,1
xingchun,2
regions,2
placed,2
seminar,2
advice,9
they,7
discussed,1
depth,1
deciding,4
electing,2
replacing,2
dismissing,4
examining,2
approving,8
appropriation,24
negotiable,3
liquidation,4
amending,1
attendance,18
person¹meeting,1
proposals,7
reelection,3
epidemic,1
site,3
telephone,3
poll,2
newspaper,1
organ,3
accountable,8
supervising,8
riskbased,1
evaluating,6
appointing,2
leung,5
terms,1
each,1
commencing,1
expiration,2
exceed,5
aggregated,5
personincharge,1
clear,2
deepening,2
topic,2
exam,1
old,1
actually,1
specifies,1
upholding,1
ongoing,4
acknowledged,1
competitive,1
considered,29
skill,3
cultural,1
ethnicity,1
composed,1
dimension,1
managerial,1
judgment,20
independently,4
communicated,4
summary,32
their,5
parties,1
objectivity,1
hereby,1
attached,2
believe,2
means,1
update,2
newly,2
permission,1
protects,1
know,1
sit,1
sat,3
thorough,1
briefing,1
departmental,4
debriefing,1
understanding,4
symposium,2
investigations,1
learnt,1
trip,1
empowering,1
listening,7
periodic,2
nominating,3
personnumber,2
thereof,8
resolutions,1
seriously,1
acknowledge,1
true,6
complied,4
reviewing,10
though,1
assurance,6
misstatement,8
rather,3
eliminate,2
adequate,2
members,2
formerly,1
formulate,10
ass,19
supervise,12
writtenoff,1
bad,1
divisions,1
followup,2
duties,1
approve,4
abstract,3
nine,1
protecting,1
enhancement,11
evaluate,4
article,1
therein,2
diligent,1
accept,3
quorum,1
attendee,1
twothirds,1
favorable,1
supervisory,5
questioning,1
urging,1
rectify,1
act,8
impair,2
dismissal,3
initiating,1
resigning,2
compensation,12
submitting,2
engaging,1
reappointment,2
auditing,9
engagement,5
eight,5
arranging,1
organize,1
chaired,2
oversee,1
inspect,2
recommend,1
rigorous,1
dongsheng,1
zhicheng,1
welltimed,1
invited,1
solicited,1
procedures,1
latest,3
noncommercial,1
acceptable,9
tolerable,1
depends,2
insist,1
undertaking,2
assumes,4
ultimate,2
organizer,1
executor,1
supervises,2
inspects,1
urge,2
risks,2
disclosing,2
vertical,1
organising,1
truthful,1
zhong,1
unqualified,2
engrain,1
creating,1
penalty,5
abnormal,1
utilized,4
release,1
alert,1
vulnerable,1
subdelegated,1
firewall,1
truthfulness,1
completeness,2
timeliness,1
adapts,1
era,1
docking,1
solve,1
disconnection,1
isolation,1
check,2
involvement,9
gambling,1
anticipated,1
supervised,4
moneylaundering,3
client,9
frequent,1
analyse,2
suspicious,1
clue,2
criminalrelated,1
cases,2
decisions,1
violations,1
moral,1
corruption,2
bribery,2
heightened,1
lines,1
grid,1
behaviour,1
verifying,1
integrity,1
confidential,1
informant,1
casesrelated,1
root,1
session,1
orientation,1
lifelong,1
compulsory,1
typical,2
eclass,1
ethic,2
instituted,1
affiliated,2
xian,1
riskoriented,1
intermediary,6
reloan,1
offsite,1
finding,5
found,2
ifrss,2
collectively,2
communicate,3
verified,3
ordinance,6
auditors,8
those,3
charged,6
nonaudit,4
ethics,1
substance,3
firms,1
reach,2
maximum,9
completing,1
kpmg,1
complying,2
faithfully,1
disclose,6
omission,3
preliminary,1
voluntary,2
transparency,1
inside,3
insider,3
arranged,1
selfexamination,1
press,2
convened,1
teleconferencing,1
hot,1
qa,1
replied,1
named,1
reception,1
summit,2
answer,2
ir,1
communities,1
suppliers,1
lawyers,1
almost,1
float,1
minimum,4
neither,7
redeemed,1
preemptive,2
nonpublic,1
allotting,1
equitylinked,2
triggering,4
partially,7
converted,7
earlier,6
longer,8
subsist,3
consider,5
injection,2
happens,2
mandatorily,2
happened,1
far,1
trigger,3
enter,5
donations,1
plans,1
contracts,4
details,1
competing,6
competes,1
compete,1
grant,3
debenture,4
exercised,2
acquiring,2
notified,2
performancebased,1
reference,9
undertake,1
civil,3
prohibited,1
proven,1
honestly,1
faith,1
indemnification,1
clam,1
misconduct,1
renewed,1
familial,1
prospectus,1
nonraised,2
prosperous,1
paying,2
interview,3
sitting,2
understand,2
analysing,1
recommendations,1
listen,1
deficiency,3
seal,1
rhythm,1
follow,3
selfevaluation,2
mutual,1
questionnaire,1
survey,1
sorted,1
find,3
might,7
false,1
misleading,1
conclusion,4
turned,1
satisfactory,1
long,6
so,2
continues,5
engages,2
participates,1
evolve,1
immediately,5
obtains,4
governmental,2
relinquish,1
notwithstanding,1
financialbanking,2
ownership,10
treat,1
equal,12
footing,1
confer,1
obtained,10
virtue,1
favor,1
avoid,1
sole,3
maximize,2
eventsannual,1
litigations,1
arbitrations,1
arbitration,3
pending,1
defendant,2
respondent,1
belief,5
saved,1
nonequity,1
offbalancesheet,1
usual,1
guarantees,1
misappropriation,2
misappropriated,1
penalties,1
recent,5
investigated,2
coercive,1
disciplinary,1
prosecution,1
criminally,1
liable,1
suffered,2
punishment,2
barred,1
disqualified,1
denounced,1
herald,1
platforms,1
stack,1
prize,1
tianji,1
esg,3
asiamoney,1
posttransaction,1
influential,1
honors,1
awards,2
organizations,1
selfemployed,1
caijing,1
evergreen,1
jiemiancom,1
financesinacomcn,1
jing,1
guan,1
media,1
apac,1
k,52
z,2
s,10
institutes,2
q,4
fax,73
chaoyangmen,1
tianjin,2
hebei,1
shanxi,1
ring,2
inner,1
liaoning,3
jilin,2
changchun,2
heilongjiang,1
jiangsu,1
nanjing,1
anhui,2
fujian,1
jiangxi,1
henan,1
outer,1
cbd,1
zhengdong,1
zhengzhou,1
zhongbei,2
hunan,1
changsha,1
guangdong,3
guangxi,2
nanning,1
guizhou,1
exhibition,1
changling,1
north,1
sichuan,1
yunnan,1
kunming,1
shaanxi,1
gansu,1
xining,1
ningxia,2
xingqing,1
yinchuan,1
and,47
corps,3
dalian,1
qingdao,1
siming,1
shenzhen,3
wuhan,1
suzhou,1
baoding,1
lujiazui,1
east,1
minsheng,2
fuxing,1
hanchuan,1
hexigten,2
jingpeng,1
township,1
ansai,1
jinmingmeidi,1
zhejiang,1
jinsong,1
headquarters,1
sejongdaero,1
junggu,1
york,1
floor,3
ny,1
usa,1
uae,2
emaar,1
bin,1
nsw,1
grandeduchesse,1
charlotte,2
bartholomew,2
ecn,2
ax,2
macao,1
soares,1
macau,1
andar,1
em,1
vancouver,1
suite,1
w,1
canada,1
taipei,1
sao,2
paulo,1
tome,1
hanoi,1
nguyen,1
chi,1
thanh,1
russia,2
requirements,3
simple,2
arithmetic,1
numerical,1
liquid,7
withdrawn,1
falling,1
outflows,4
nonoperational,1
inflows,2
eg,3
reverse,4
repos,1
borrowed,1
inflow,1
hqla,2
unweighted,11
onand,4
replacement,3
grossup,1
deducted,2
receivables,12
notional,10
semiannual,1
least,6
interdependent,4
nsfr,3
asf,2
residual,13
informationannual,1
sovereign,2
exchangetraded,2
posted,6
initial,34
variation,5
rsf,2
cell,2
differentiate,2
gsib,1
size,3
interconnectedness,1
substitutability,1
payments,1
jurisdictional,1
availableforsale,1
crossjurisdictional,2
banksannual,1
what,1
page,1
ﬂows,56
isas,1
described,5
evidence,11
iesba,1
ethical,2
matters,1
significance,2
thereon,3
summarized,1
structured,64
carrying,84
represent,11
estimate,26
inherent,5
estimation,11
tested,4
modelling,5
methodology,5
judgement,7
assumption,25
parameter,19
creditimpaired,16
determination,6
how,3
threestage,2
probability,7
estimating,2
substantive,4
preformed,1
comparing,2
examined,3
validate,1
reﬂect,8
input,17
reasonableness,6
generate,2
benchmarking,1
backtesting,3
involves,3
weighting,9
numerous,1
reason,4
assigned,5
forecasted,1
guarantor,1
valuation,25
unconsolidated,12
retention,2
sampled,1
variability,4
read,1
materially,2
inconsistent,4
appears,1
misstated,1
conclude,3
fact,3
nothing,1
regard,5
determine,20
enable,1
intend,1
liquidate,1
realistic,1
overseeing,1
solely,4
towards,2
detect,1
exists,8
misstatements,1
inﬂuence,5
skepticism,1
responsive,1
detecting,1
involve,2
collusion,1
forgery,1
intentional,1
misrepresentation,1
override,1
expressing,1
cast,1
doubt,2
draw,1
modify,2
however,6
cause,3
achieves,1
planned,1
thought,1
bear,4
threat,1
describe,1
precludes,1
extremely,1
rare,1
outweigh,1
yuan,10
integral,6
statementfor,1
renminbi,165
incomefor,1
positionas,1
continuedas,1
equityfor,1
intangible,8
rightofuse,11
gainloss,9
decreaseincrease,3
outflowinflow,1
flowsfor,1
disposalredemption,1
portion,8
equivalents,5
of,46
continuedfor,1
successor,3
setup,1
operates,3
bh,1
regulator,6
cap,2
explained,1
conformity,1
statementsfor,148
ias,23
amendments,13
ifrs,36
omitting,2
misstating,2
obscuring,2
clarifies,3
similar,37
materiality,1
directed,3
defining,1
lender,4
creditor,8
must,3
rely,1
much,2
adoption,11
output,3
narrowed,1
generating,1
excludes,2
relate,5
terminate,2
ineffectiveness,2
covidrelated,2
rent,4
concessions,3
iasb,3
optional,2
expedient,2
elect,2
occurs,2
yet,9
intended,7
cycle,3
possibly,1
originally,3
pervasive,1
iborbased,1
temporary,18
amortised,2
applies,6
require,5
determining,6
updating,1
paragraph,2
immediate,1
recognised,12
prospectively,2
contractually,4
discontinued,1
exception,3
anticipates,7
noncurrent,10
narrowscope,1
exist,1
defer,3
unconditional,2
rarely,1
example,5
determines,5
complies,1
breached,2
extinguishment,1
convertible,3
compound,1
intention,1
reconsider,1
constitutes,3
clarified,1
acquirer,1
recognise,1
explain,2
incremental,3
onerous,2
recognises,1
prohibit,1
plant,1
produced,2
capable,1
illustrative,1
adopter,1
remeasured,2
probabilityweighted,2
explicit,1
csm,1
unearned,1
allows,2
recognizing,2
insurer,5
often,1
nonlife,2
policyholder,1
volatile,1
discretionary,2
alongside,1
concluded,6
ease,1
easier,1
jurisdiction,6
partial,3
constitute,5
even,2
acquired,6
disposed,2
consistently,3
unrealized,3
plus,10
attributed,1
deficit,2
acquisitions,1
sum,4
incurred,17
irrespective,1
identifiable,5
benefits,1
acquiree,3
entitle,1
proportionate,2
acquirees,1
transactionbytransaction,1
goodwill,12
cashgenerating,1
cgu,2
smallest,1
generates,1
inﬂows,4
largely,3
frequently,1
indication,3
impaired,2
recoverable,14
reﬂecting,3
prorata,1
reversed,1
whereby,5
agree,1
investee,2
unanimous,2
consent,3
postacquisition,1
thereafter,3
recognize,9
exceeds,1
discontinues,1
constructive,2
considers,8
possibility,3
reversal,6
transacts,1
us,8
fulfills,1
recognizes,14
custodial,1
functional,3
prevailing,5
retranslated,3
retranslation,3
presenting,1
translated,2
approximates,1
taxable,16
differs,1
deductible,9
never,1
enacted,4
substantively,2
probable,11
foreseeable,3
utilize,1
allow,1
settled,9
reﬂects,5
expects,4
relates,2
offset,6
legally,4
enforceable,6
levied,1
intends,2
valueadded,4
vat,3
circular,3
undertaken,3
rendered,3
termination,4
postemployment,4
retirement,27
capitalization,4
maternity,4
union,4
unemployment,4
mandated,1
contributions,1
expensed,2
capitalized,1
funded,1
becomes,1
tradedate,1
commits,1
minus,3
ﬂow,19
fvpl,1
manages,7
that,1
compensated,2
where,7
entirety,3
sppi,1
depend,2
classifies,2
irrevocably,3
designate,5
reduces,2
eliminates,2
documented,1
internally,1
contains,2
reclassification,4
reclassify,1
restate,1
reclassifying,1
regardless,2
observable,11
another,9
technique,15
quoted,8
readily,3
occurring,4
arm,3
inactive,2
wide,1
bidoffer,2
commonly,1
unobservable,3
exactly,1
gross,37
calculates,3
creditadjusted,4
incorporates,1
derecognized,10
separated,2
treated,2
enlarge,1
shortfall,1
unbiased,1
possible,5
supportable,2
undue,1
moved,3
ecl,44
measuring,7
fvoci,2
sometimes,1
renegotiates,1
modifies,1
substantially,10
derecognizes,3
recalculates,2
renegotiation,5
consequently,1
recalculated,2
discounting,1
modified,5
expire,1
retains,5
collateralized,4
discharged,1
cancelled,2
expires,3
potentially,1
unfavorable,1
nonderivative,11
exchanging,1
derivatives,4
host,2
chooses,1
inception,4
offsetting,3
unrecognised,1
derecognised,1
unamortised,1
ultimately,1
ineffective,3
remains,3
occur,3
simultaneously,1
resell,2
relative,7
insured,2
insure,1
mortality,5
casualty,1
reinsurer,1
unbundles,1
measurable,1
unbundled,2
reliably,4
outﬂows,1
performs,4
realizable,1
replaced,1
useful,10
straightline,6
furniture,3
fixture,3
motor,1
commences,1
foreclosed,5
transferee,2
waived,5
restructure,1
then,1
earn,1
rental,2
revers,2
retired,1
damaged,1
conveys,1
commencement,3
rented,1
depreciated,2
shorter,1
lowvalue,1
low,6
lessor,3
known,1
insignificant,2
finite,2
indefinite,1
tangible,2
discretion,4
declare,2
reliable,1
surrounding,1
receives,3
reimburse,1
incurs,1
belowmarket,1
undrawn,3
combined,2
existence,1
nonoccurrence,1
uncertain,2
outﬂow,4
embodying,1
judgements,3
revisions,1
causing,1
likelihood,3
defaulting,2
explanation,1
prepayment,2
implied,1
calibrated,1
correlation,3
tenor,23
taxes,1
legislation,2
evaluates,1
analyzes,4
qualifies,1
pas,1
relinquished,2
unrelated,1
unilaterally,1
needing,1
impose,2
subtotal,6
compilation,1
consisting,2
programs,1
derived,3
budgetary,1
emolument,16
xiii,6
vi,9
vii,8
viii,8
ix,6
xii,6
labour,2
upper,2
finalized,2
xviii,5
fees,2
xiv,4
xv,5
xvi,4
xvii,4
dong,1
wen,1
gong,1
band,1
inducement,2
join,2
joining,2
quasiloans,1
losses,1
pretax,2
governed,1
reconciled,1
nontaxable,1
municipal,1
declared,6
annum,30
totaling,2
noncumulative,8
fall,4
contingently,1
issuable,1
dilutive,1
results,2
chinayinbanfa,1
participating,1
initiated,1
contractualnotional,2
comparison,1
necessarily,1
unfavourable,1
ﬂuctuate,1
netting,3
absence,2
crosscurrency,2
dependent,3
creditworthiness,3
lossesgains,2
immaterial,3
between,1
experiencing,1
becoming,2
unwinding,1
led,4
netted,6
unlisted,3
governments,6
quasigovernments,7
clarifying,1
unpaid,4
fiveyear,5
nontransferable,1
maturities,4
entities,4
incorporation,6
paidin,4
moscow,1
totalling,1
compare,2
inforce,1
multiplier,1
actuarial,2
noted,1
lp,9
guofa,1
aero,1
sinocongolaise,1
pour,1
hereinafter,1
cfa,1
franc,1
zhaoping,1
jiaxing,1
partnership,5
jianxinjintou,1
nongying,1
cimc,1
nonpublicly,1
additions,1
transfers,1
disposals,1
incomplete,2
creditcharge,2
qualifying,1
premiums,1
prepares,1
incorporating,1
or,1
designates,1
principalguaranteed,2
subordinated,8
tiertwo,9
xix,2
xx,2
xxi,2
xxii,2
redeem,19
onwards,11
write,3
mtns,6
floating,2
ranging,8
bps,2
ranged,6
suspense,1
salaries,1
assumptions,1
par,9
sar,1
conversions,1
repriced,4
reset,4
expired,2
declares,1
whereas,1
depositor,3
cbrc,1
entirely,1
formula,1
denomination,4
dont,4
stepup,4
indebtedness,1
pari,2
passu,2
cancellation,1
but,1
nondistributable,1
appropriated,2
replenishing,1
caijin,1
establishes,4
unidentified,1
forthcoming,2
ﬁnancial,6
maker,2
allocating,1
reﬂected,2
intersegment,6
expenseincome,4
unallocated,12
along,1
proﬁt,5
enforcing,1
huijin,3
priced,5
onetime,1
dealing,1
unduly,1
inﬂuenced,2
insiders,1
totalled,1
apart,1
fixedrate,1
typically,1
invests,2
repo,2
wmps,2
absorb,1
therefrom,1
domain,1
lawsuit,2
counsel,1
affirmative,1
practicable,1
accrue,1
drawn,1
resold,1
repledged,1
underwrite,1
vary,1
backtoback,1
unfulfilled,1
rise,2
derecognize,2
unexpired,1
assetback,1
lent,2
repledge,1
overview,1
designed,2
analyze,2
counterpartys,1
unauthorized,1
inappropriate,1
frontoffice,1
disbursement,1
postlending,2
enhances,1
writes,1
exhausted,1
ceasing,1
enforcement,3
foreclosing,1
recovering,1
creditrelated,1
selecting,1
referencing,1
pd,7
ead,3
parameters,1
lgd,1
defaulted,1
varies,2
recourse,1
availability,1
staging,1
solvency,1
viability,1
qualitative,2
grade,14
notch,2
move,2
backstop,1
reorganisation,1
disappearance,1
origination,1
discrete,1
identifies,1
gdp,1
cpi,1
lgds,2
upside,2
downside,2
rest,1
multiplying,1
get,1
mediumincreased,1
severe,1
breaching,2
impacting,1
nonrepayment,1
accured,1
majority,3
acceptability,1
periodically,1
renegotiated,1
renegotiate,1
deterioration,1
inability,1
roll,1
extension,1
nonpayment,1
rescheduled,8
reschedule,1
observation,1
debtforequity,1
debtfor,1
adopts,1
projection,1
summarize,10
borrowings,6
undiscounted,6
repayable,1
less,6
inﬂow,2
earliest,1
fundamentally,1
segregation,1
segregate,1
dictate,1
suffer,1
come,1
interestsensitive,1
lpr,1
closer,1
amplitude,1
prejudgment,2
stoploss,1
refines,2
categorization,1
lesser,2
basket,1
mitigates,1
differ,2
interestgenerating,2
ﬂoating,1
ceiling,1
prime,1
replace,1
whichever,2
illustrates,1
unparalleled,1
illustration,1
showing,1
periodend,1
meanwhile,1
unexpected,1
misselling,1
differential,1
unpredictability,1
surrender,1
profitable,1
riskadjusted,1
franchise,1
buffer,4
officially,2
ratingsbased,1
nonretail,1
run,2
nonadvanced,1
conform,2
ﬂoor,1
filed,1
landuse,1
excessive,1
nonrecurring,1
ask,1
validating,1
hierarchy,5
unadjusted,1
identical,1
approximate,1
bloomberg,1
needed,1
observed,1
amongst,1
reconciliation,1
purchases,2
discloses,1
ratios,1
concentrations,1
informationfor,3
principally,1
unaudited,1
